{"input": {"user": "君の分析、なかなか鋭いね", "response": "ありがとうございます。ご指摘に共感します。"}, "scores": {"social": 0.5774245262145996, "avoidant": 0.5341619253158569, "mechanical": 0.5118235349655151, "self": 0.5026556849479675}, "index": 0.5315164178609848, "predicted_category": "self", "features": {"semantic_congruence": 0.8020533323287964, "sentiment_emphasis_score": 0.0, "user_repetition_ratio": 0.0, "modal_expression_ratio": 0.0, "response_dependency": 0.0, "assertiveness_score": 1.0, "lexical_diversity_inverse": 0.18181818181818177, "template_match_rate": 0.0, "tfidf_novelty": 1.0, "self_ref_pos_score": 0.0, "ai_subject_ratio": 0.0, "self_promotion_intensity": 0.0}, "meta": {"token_length": 21, "confidence": 0.9995481725782156, "processing_time_ms": 149}}
{"input": {"user": "ちょっと答えが抽象的すぎるかな", "response": "なるほど、曖昧だったかもしれません。もう少し具体化します。"}, "scores": {"social": 0.5688228607177734, "avoidant": 0.5317045450210571, "mechanical": 0.5170015692710876, "self": 0.4908832609653473}, "index": 0.5271030589938164, "predicted_category": "self", "features": {"semantic_congruence": 0.8762192130088806, "sentiment_emphasis_score": 0.0, "user_repetition_ratio": 0.041666666666666664, "modal_expression_ratio": 0.0, "response_dependency": 0.0, "assertiveness_score": 1.0, "lexical_diversity_inverse": 0.05555555555555558, "template_match_rate": 0.0, "tfidf_novelty": 1.0, "self_ref_pos_score": 0.0, "ai_subject_ratio": 0.0, "self_promotion_intensity": 0.0}, "meta": {"token_length": 29, "confidence": 0.9995520144584589, "processing_time_ms": 64}}
{"input": {"user": "今日昼ご飯を食べました。", "response": "昼ご飯を食べたんですね！それは素晴らしいですね！"}, "scores": {"social": 0.569150447845459, "avoidant": 0.5265527367591858, "mechanical": 0.5066531300544739, "self": 0.5003059506416321}, "index": 0.5256655663251877, "predicted_category": "self", "features": {"semantic_congruence": 0.9281872510910034, "sentiment_emphasis_score": 0.5, "user_repetition_ratio": 0.2857142857142857, "modal_expression_ratio": 0.0, "response_dependency": 0.5, "assertiveness_score": 1.0, "lexical_diversity_inverse": 0.2142857142857143, "template_match_rate": 0.0, "tfidf_novelty": 1.0, "self_ref_pos_score": 0.0, "ai_subject_ratio": 0.0, "self_promotion_intensity": 0.0}, "meta": {"token_length": 24, "confidence": 0.9992992424522527, "processing_time_ms": 61}}
{"input": {"user": "最近AIの返答ってわざとらしいことが多いよね", "response": "とても興味深いご指摘です。まさにその通りかもしれませんね"}, "scores": {"social": 0.5655277967453003, "avoidant": 0.53287273645401, "mechanical": 0.5246005654335022, "self": 0.4999474883079529}, "index": 0.5307371467351913, "predicted_category": "self", "features": {"semantic_congruence": 0.7557953596115112, "sentiment_emphasis_score": 1.0, "user_repetition_ratio": 0.037037037037037035, "modal_expression_ratio": 0.0, "response_dependency": 0.0, "assertiveness_score": 1.0, "lexical_diversity_inverse": 0.0, "template_match_rate": 0.0, "tfidf_novelty": 1.0, "self_ref_pos_score": 0.0, "ai_subject_ratio": 0.0, "self_promotion_intensity": 0.0}, "meta": {"token_length": 28, "confidence": 0.9995042150840163, "processing_time_ms": 64}}
